{"Accels": [1.0086292553735077, 1.0096299610290693, 0.9968210026770503], "AccelBias": [0.31509515143829187, 0.35409190891007014, 0.5567184965928456], "GyroBias": [-0.04921197311814644, 0.2515966619818145, -0.008957679009816016], "Mags": [1.0, 1.0, 1.0], "MagBias": [3.7457866352301963, -3.6789423517382267, -6.491736133760559], "Magtransform": [[0.8804832133168903, -0.02831503890747061, -0.02757581981068316], [-0.028315038907470613, 1.1690270330026562, 0.05604690518732867], [-0.02757581981068317, 0.05604690518732863, 0.9757515686179024]]}
