{"Accels": [1.0, 1.0, 1.0], "AccelBias": [0.0, 0.0, 0.0], "GyroBias": [-0.01512698581113571, 0.023465470419351573, -0.010294606276926983], "Mags": [1.0, 1.0, 1.0], "MagBias": [-5.669849682587899, -10.358990698031848, -6.08734831866345], "Magtransform": [[0.8167082146243639, -0.029774919478571582, 0.0010945487721203803], [-0.02977491947857158, 1.273844815299886, 0.007207167707420796], [0.001094548772120381, 0.007207167707420794, 0.9620687007655563]]}
