{"Accels": [1.0108340557065427, 1.0266089649820367, 0.9942434465042865], "AccelBias": [0.34023464553326577, 0.16721084340935316, 0.5032343783850698], "GyroBias": [-0.046944256847339674, 0.25225447280846053, -0.008574177961083004], "Mags": [1.0, 1.0, 1.0], "MagBias": [3.064119380510421, 6.231524354250217, -3.8326092685583637], "Magtransform": [[0.8918927439863623, -0.004482705353198506, 0.00229933811865524], [-0.004482705353198505, 1.2325262976212181, -0.008947266855833755], [0.0022993381186552486, -0.008947266855833745, 0.9097726374095849]]}
