{"Accels": [1.0, 1.0, 1.0], "AccelBias": [0.0, 0.0, 0.0], "GyroBias": [0.0037910676588295243, -0.022952804086843873, 0.0115636218999914], "Mags": [1.0, 1.0, 1.0], "MagBias": [4.802617464991066, 11.755912665353495, -1.5293270519442559], "Magtransform": [[0.8039212099620058, -0.04992147603585923, 0.019498262486899898], [-0.049921476035859225, 1.2750341369041756, -0.1823395714322374], [0.019498262486899877, -0.1823395714322374, 1.0042282057210274]]}
